 #    ,PC Name,No,Type,State,Winning Candidate,Party,Electors,Votes,Turnout,Margin,Margin %
1,Adilabad,1,ST,Telangana,Godam Nagesh,Bharatiya Janta Party,1650175,1235597,0.749,90652,0.073
2,Agra,18,SC,Uttar Pradesh [2000 Onwards],Prof S P Singh Baghel,Bharatiya Janta Party,2072685,1123779,0.542,271294,0.241
3,Ahmadnagar,37,GEN,Maharashtra,Nilesh Dnyandev Lanke,Nationalist Congress Party – Sharadchandra Pawar,1981866,1325477,0.669,28929,0.022
4,Ahmedabad East,7,GEN,Gujarat,Hasmukhbhai Patel (H.S.PATEL),Bharatiya Janta Party,2038162,1128339,0.554,461755,0.409
5,Ahmedabad West,8,SC,Gujarat,Dineshbhai Makwana (ADVOCATE),Bharatiya Janta Party,1726987,966646,0.56,286437,0.296
6,Ajmer,13,GEN,Rajasthan,Bhagirath Choudhary,Bharatiya Janta Party,1995699,1201179,0.602,329991,0.275
7,Akbarpur,44,GEN,Uttar Pradesh [2000 Onwards],Devendra Singh Alias Bhole Singh,Bharatiya Janta Party,1869167,1086953,0.582,44345,0.041
8,Akola,6,GEN,Maharashtra,Anup Sanjay Dhotre,Bharatiya Janta Party,1890814,1173072,0.62,40626,0.035
9,Alappuzha,15,GEN,Kerala,K. C Venugopal,Indian National Congress,1400082,1058703,0.756,63513,0.06
10,Alathur,9,SC,Kerala,K.Radhakrishnan,Communist Party Of India (Marxist),1337496,992268,0.742,20111,0.02
11,Aligarh,15,GEN,Uttar Pradesh [2000 Onwards],Satish Kumar Gautam,Bharatiya Janta Party,1997234,1133366,0.567,15647,0.014
12,Alipurduars,2,ST,West Bengal,Manoj Tigga,Bharatiya Janta Party,1773252,1421389,0.802,75447,0.053
13,Allahabad,52,GEN,Uttar Pradesh [2000 Onwards],Ujjwal Raman Singh,Indian National Congress,1825730,947000,0.519,58795,0.062
14,Almora,3,SC,Uttarakhand,Ajay Tamta,Bharatiya Janta Party,1339327,668497,0.499,234097,0.35
15,Alwar,8,GEN,Rajasthan,Bhupender Yadav,Bharatiya Janta Party,2059888,1253438,0.609,48282,0.039
16,Amalapuram,7,SC,Andhra Pradesh [2014 Onwards],G M Harish (BALAYOGI),Telugu Desam,1531410,1301106,0.85,342196,0.263
17,Ambala,1,SC,Haryana,Varun Chaudhry,Indian National Congress,1996708,1346722,0.675,49036,0.036
18,Ambedkar Nagar,55,GEN,Uttar Pradesh [2000 Onwards],Lalji Verma,Samajwadi Party,1911297,1177062,0.616,137247,0.117
19,Amethi,37,GEN,Uttar Pradesh [2000 Onwards],Kishori Lal,Indian National Congress,1796098,980671,0.546,167196,0.17
20,Amravati,7,SC,Maharashtra,Balwant Baswant Wankhade,Indian National Congress,1836078,1173579,0.639,19731,0.017
21,Amreli,14,GEN,Gujarat,Bharatbhai Manubhai Sutariya,Bharatiya Janta Party,1732810,876426,0.506,321068,0.366
22,Amritsar,2,GEN,Punjab,Gurjeet Singh Aujla,Indian National Congress,1611263,905656,0.562,40301,0.044
23,Amroha,9,GEN,Uttar Pradesh [2000 Onwards],Kanwar Singh Tanwar,Bharatiya Janta Party,1716641,1110690,0.647,28670,0.026
24,Anakapalli,5,,Andhra Pradesh [2014 Onwards],C.M.Ramesh,Bharatiya Janta Party,1596916,1325332,0.83,296530,0.224
25,Anand,16,GEN,Gujarat,Mitesh Patel (BAKABHAI),Bharatiya Janta Party,1780182,1167969,0.656,89939,0.077
26,Anandpur Sahib,6,GEN,Punjab,Malvinder Singh Kang,Aam Aadmi Party,1732211,1077123,0.622,10846,0.01
27,Anantapur,19,,Andhra Pradesh [2014 Onwards],Ambica G Lakshminarayana Valmiki,Telugu Desam,1767591,1440428,0.815,188555,0.131
28,Anantnag,3,,Jammu & Kashmir,Mian Altaf Ahmad,Jammu & Kashmir National Conference,1836576,1026148,0.559,281794,0.275
29,Andaman And Nicobar Islands,1,GEN,Andaman & Nicobar Islands,Bishnu Pada Ray,Bharatiya Janta Party,315148,202514,0.643,24396,0.12
30,Aonla,24,GEN,Uttar Pradesh [2000 Onwards],Neeraj Maurya,Samajwadi Party,1891713,1088896,0.576,15969,0.015
31,Arakkonam,7,GEN,Tamil Nadu,S Jagathratchakan,Dravida Munnetra Kazhagam,1562871,1163822,0.745,306559,0.263
32,Arambagh,29,SC,West Bengal,Bag Mitali,All India Trinamool Congress,1883266,1559079,0.828,6399,0.004
33,Arani,12,GEN,Tamil Nadu,Tharaniventhan M S,Dravida Munnetra Kazhagam,1496118,1140261,0.762,208766,0.183
34,Araria,9,GEN,Bihar [2000 Onwards],Pradeep Kumar Singh,Bharatiya Janta Party,2018767,1252560,0.621,20094,0.016
35,Arrah,32,GEN,Bihar [2000 Onwards],Sudama Prasad,Communist Party Of India (Marxist-Leninist) (Liberation),2165574,1096561,0.506,59808,0.055
36,Aruku,1,ST,Andhra Pradesh [2014 Onwards],Gumma Thanuja Rani,Yuvajana Sramika Rythu Congress Party,1554633,1164445,0.749,50580,0.043
37,Arunachal East,2,GENP,Arunachal Pradesh,Tapir Gao,Bharatiya Janta Party,375310,323443,0.862,30421,0.094
38,Arunachal West,1,GENP,Arunachal Pradesh,Kiren Rijiju,Bharatiya Janta Party,517384,399804,0.773,100738,0.252
39,Asansol,40,GEN,West Bengal,Shatrughan Prasad Sinha,All India Trinamool Congress,1770281,1301540,0.735,59564,0.046
40,Aska,19,GEN,Orissa,Anita Subhadarshini,Bharatiya Janta Party,1620974,1017914,0.628,99974,0.098
41,Attingal,19,GEN,Kerala,Adv Adoor Prakash,Indian National Congress,1396807,985341,0.705,684,0.001
42,Aurangabad,19,GEN,Maharashtra,Bhumare Sandipanrao Asaram,Shiv Sena,2059710,1302197,0.632,134650,0.103
43,Aurangabad,37,GEN,Bihar [2000 Onwards],Abhay Kumar Sinha,Rashtriya Janata Dal,1871564,945880,0.505,79111,0.084
44,Azamgarh,69,GEN,Uttar Pradesh [2000 Onwards],Dharmendra Yadav,Samajwadi Party,1868165,1054520,0.565,161035,0.153
45,Badaun,23,GEN,Uttar Pradesh [2000 Onwards],Aditya Yadav,Samajwadi Party,2008758,1091764,0.544,34991,0.032
46,Bagalkot,3,GEN,Karnataka,Gaddigoudar. Parvatagouda. Chandanagouda.,Bharatiya Janta Party,1806183,1317561,0.73,68399,0.052
47,Baghpat,11,GEN,Uttar Pradesh [2000 Onwards],Dr Rajkumar Sangwan,Rashtriya Lok Dal,1653146,933773,0.565,159459,0.171
48,Baharaich,56,SC,Uttar Pradesh [2000 Onwards],Anand Kumar,Bharatiya Janta Party,1838684,1056566,0.575,64227,0.061
49,Baharampur,10,GEN,West Bengal,Pathan Yusuf,All India Trinamool Congress,1783078,1384770,0.777,85022,0.061
50,Balaghat,15,GEN,Madhya Pradesh [2000 Onwards],Bharti Pardhi,Bharatiya Janta Party,1873653,1382280,0.738,174512,0.126
51,Balasore,6,GEN,Orissa,Pratap Chandra Sarangi,Bharatiya Janta Party,1608014,1239635,0.771,147156,0.119
52,Ballia,72,GEN,Uttar Pradesh [2000 Onwards],Sanatan Pandey,Samajwadi Party,1923645,1007322,0.524,43384,0.043
53,Balurghat,6,GEN,West Bengal,Sukanta Majumdar,Bharatiya Janta Party,1561966,1237308,0.792,10386,0.008
54,Banaskantha,2,GEN,Gujarat,Geniben Nagaji Thakor,Indian National Congress,1961924,1375903,0.701,30406,0.022
55,Banda,48,GEN,Uttar Pradesh [2000 Onwards],Krishna Devi Shivshanker Patel,Samajwadi Party,1747425,1044132,0.598,71210,0.068
56,Bangalore Cent,25,GEN,Karnataka,P C Mohan,Bharatiya Janta Party,2433751,1316510,0.541,32707,0.025
57,Bangalore Nort,24,GEN,Karnataka,Shobha Karandlaje,Bharatiya Janta Party,3214496,1752504,0.545,259476,0.148
58,Bangalore Rura,23,GEN,Karnataka,Dr C N Manjunath,Bharatiya Janta Party,2802580,1919540,0.685,269647,0.14
59,Bangalore Sout,26,GEN,Karnataka,Tejasvi Surya,Bharatiya Janta Party,2341759,1249342,0.534,277083,0.222
60,Bangaon,14,SC,West Bengal,Shantanu Thakur,Bharatiya Janta Party,1836374,1493108,0.813,73693,0.049
61,Banka,27,GEN,Bihar [2000 Onwards],Giridhari Yadav,Janata Dal (United),1856566,1014155,0.546,103844,0.102
62,Bankura,36,GEN,West Bengal,Arup Chakraborty,All India Trinamool Congress,1780580,1447674,0.813,32778,0.023
63,Bansgaon,67,SC,Uttar Pradesh [2000 Onwards],Kamlesh Paswan,Bharatiya Janta Party,1820854,944763,0.519,3150,0.003
64,Banswara,20,ST,Rajasthan,Raj Kumar Roat,Bharat Adivasi Party,2200438,1636852,0.744,247054,0.151
65,Bapatla,15,SC,Andhra Pradesh [2014 Onwards],Krishna Prasad Tenneti,Telugu Desam,1506354,1300745,0.864,208031,0.16
66,Barabanki,53,SC,Uttar Pradesh [2000 Onwards],Tanuj Punia,Indian National Congress,1918491,1290634,0.673,215704,0.167
67,Baramati,35,GEN,Maharashtra,Supriya Sule,Nationalist Congress Party – Sharadchandra Pawar,2372668,1412349,0.595,158333,0.112
68,Baramulla,1,,Jammu & Kashmir,Abdul Rashid Sheikh,Independent,1737865,1033900,0.595,204142,0.197
69,Barasat,17,GEN,West Bengal,Kakoli Ghosh Dastidar,All India Trinamool Congress,1905400,1532601,0.804,114189,0.075
70,Bardhaman Purb,38,SC,West Bengal,Dr. Sharmila Sarkar,All India Trinamool Congress,1801333,1497310,0.831,160572,0.107
71,Bardoli,23,ST,Gujarat,Parbhubhai Nagarbhai Vasava,Bharatiya Janta Party,2048408,1339333,0.654,230253,0.172
72,Bareilly,25,GEN,Uttar Pradesh [2000 Onwards],Chhatra Pal Singh Gangwar,Bharatiya Janta Party,1924434,1119558,0.582,34804,0.031
73,Bargarh,1,GEN,Orissa,Pradeep Purohit,Bharatiya Janta Party,1631974,1309864,0.803,251667,0.192
74,Barmer,17,GEN,Rajasthan,Ummeda Ram Beniwal,Indian National Congress,2206237,1688051,0.765,118176,0.07
75,Barpeta,3,GEN,Assam,Phani Bhusan Choudhury,Asom Gana Parishad,1966847,1685943,0.857,222351,0.132
76,Barrackpore,15,GEN,West Bengal,Partha Bhowmick,All India Trinamool Congress,1508728,1141860,0.757,64438,0.056
77,Basirhat,18,GEN,West Bengal,Sk Nurul Islam,All India Trinamool Congress,1804261,1523401,0.844,333547,0.219
78,Bastar,10,ST,Chhattisgarh,Mahesh Kashyap,Bharatiya Janta Party,1472207,1007395,0.684,55245,0.055
79,Basti,61,GEN,Uttar Pradesh [2000 Onwards],Ram Prasad Chaudhary,Samajwadi Party,1902898,1082870,0.569,100994,0.093
80,Bathinda,11,GEN,Punjab,Harsimrat Kaur Badal,Shiromani Akali Dal,1651188,1151170,0.697,49656,0.043
81,Beed,39,GEN,Maharashtra,Bajrang Manohar Sonwane,Nationalist Congress Party – Sharadchandra Pawar,2142547,1522295,0.711,6553,0.004
82,Begusarai,24,GEN,Bihar [2000 Onwards],Giriraj Singh,Bharatiya Janta Party,2196089,1294673,0.59,81480,0.063
83,Belgaum,2,GEN,Karnataka,Jagadish Shettar,Bharatiya Janta Party,1923788,1383889,0.719,178437,0.129
84,Bellary,9,ST,Karnataka,E. Tukaram,Indian National Congress,1884040,1389914,0.738,98992,0.071
85,Berhampur,20,GEN,Orissa,Dr. Pradeep Kumar Panigrahy,Bharatiya Janta Party,1591380,1042923,0.655,165476,0.159
86,Betul,29,ST,Madhya Pradesh [2000 Onwards],Durgadas (D. D.) UIKEY,Bharatiya Janta Party,1895331,1396020,0.737,379761,0.272
87,Bhadohi,78,GEN,Uttar Pradesh [2000 Onwards],Dr. Vinod Kumar Bind,Bharatiya Janta Party,2037925,1084993,0.532,44072,0.041
88,Bhadrak,7,SC,Orissa,Avimanyu Sethi,Bharatiya Janta Party,1770915,1297377,0.733,91544,0.071
89,Bhagalpur,26,GEN,Bihar [2000 Onwards],Ajay Kumar Mandal,Janata Dal (United),1983031,1064081,0.537,104868,0.099
90,Bhandara - Gon,11,GEN,Maharashtra,Dr. Prashant Yadaorao Padole,Indian National Congress,1827188,1235073,0.676,37380,0.03
91,Bharatpur,9,SC,Rajasthan,Sanjna Jatav,Indian National Congress,2114916,1133000,0.536,51983,0.046
92,Bharuch,22,GEN,Gujarat,Mansukhbhai Dhanjibhai Vasava,Bharatiya Janta Party,1723353,1198964,0.696,85696,0.071
93,Bhavnagar,15,GEN,Gujarat,Nimuben Jayantibhai Bambhaniya (NIMUBEN BAMBHANIYA),Bharatiya Janta Party,1916900,1047232,0.546,455289,0.435
94,Bhilwara,23,GEN,Rajasthan,Damodar Agarwal,Bharatiya Janta Party,2147159,1304395,0.608,354606,0.272
95,Bhind,2,SC,Madhya Pradesh [2000 Onwards],Sandhya Ray,Bharatiya Janta Party,1900654,1049007,0.552,64840,0.062
96,Bhiwandi,23,GEN,Maharashtra,Balya Mama - Suresh Gopinath Mhatre,Nationalist Congress Party – Sharadchandra Pawar,2087244,1253399,0.601,66121,0.053
97,Bhiwani-Mahend,8,GEN,Haryana,Dharambir Singh,Bharatiya Janta Party,1793029,1183395,0.66,41510,0.035
98,Bhongir,14,GEN,Telangana,Chamala Kiran Kumar Reddy,Indian National Congress,1808585,1401396,0.775,222170,0.159
99,Bhopal,19,GEN,Madhya Pradesh [2000 Onwards],Alok Sharma,Bharatiya Janta Party,2339411,1498285,0.641,501499,0.335
100,Bhubaneswar,18,GEN,Orissa,Aparajita Sarangi,Bharatiya Janta Party,1672774,1082215,0.647,35152,0.032
101,Bidar,7,GEN,Karnataka,Sagar Eshwar Khandre,Indian National Congress,1892962,1242322,0.656,128875,0.104
102,Bijapur,4,SC,Karnataka,Ramesh Jigajinagi,Bharatiya Janta Party,1946090,1296114,0.666,77229,0.06
103,Bijnor,4,GEN,Uttar Pradesh [2000 Onwards],Chandan Chauhan,Rashtriya Lok Dal,1738307,1024432,0.589,37508,0.037
104,Bikaner,2,SC,Rajasthan,Arjun Ram Meghwal,Bharatiya Janta Party,2048399,1118282,0.546,55711,0.05
105,Bilaspur,5,GEN,Chhattisgarh,Tokhan Sahu,Bharatiya Janta Party,2102687,1361350,0.647,164558,0.121
106,Birbhum,42,GEN,West Bengal,Satabdi Roy,All India Trinamool Congress,1857022,1527432,0.823,197650,0.129
107,Bishnupur,37,SC,West Bengal,Khan Saumitra,Bharatiya Janta Party,1754268,1513872,0.863,5567,0.004
108,Bolangir,10,GEN,Orissa,Sangeeta Kumari Singh Deo,Bharatiya Janta Party,1801744,1400248,0.777,132664,0.095
109,Bolpur,41,SC,West Bengal,Asit Kumar Mal,All India Trinamool Congress,1839234,1528470,0.831,327253,0.214
110,Bulandshahr,14,SC,Uttar Pradesh [2000 Onwards],Dr Bhola Singh,Bharatiya Janta Party,1859462,1054399,0.567,275134,0.261
111,Buldhana,5,GEN,Maharashtra,Jadhav Prataprao Ganpatrao,Shiv Sena,1782700,1109496,0.622,29479,0.027
112,Burdwan - Durg,39,GEN,West Bengal,Azad Kirti Jha,All India Trinamool Congress,1851780,1501773,0.811,137981,0.092
113,Buxar,33,GEN,Bihar [2000 Onwards],Sudhakar Singh,Rashtriya Janata Dal,1923164,1073759,0.558,30091,0.028
114,Chalakudy,11,GEN,Kerala,Benny Behanan,Indian National Congress,1310529,951287,0.726,63754,0.067
115,Chamarajanagar,22,SC,Karnataka,Sunil Bose,Indian National Congress,1778310,1369797,0.77,188706,0.138
116,Chandauli,76,GEN,Uttar Pradesh [2000 Onwards],Birendra Singh,Samajwadi Party,1843196,1116499,0.606,21565,0.019
117,Chandigarh,1,GEN,Chandigarh,Manish Tewari,Indian National Congress,659805,449275,0.681,2504,0.006
118,Chandni Chowk,1,GEN,Delhi [1977 Onwards],Praveen Khandelwal,Bharatiya Janta Party,1645958,966102,0.587,89325,0.092
119,Chandrapur,13,GEN,Maharashtra,Dhanorkar Pratibha Suresh Alias Balubhau,Indian National Congress,1837906,1241304,0.675,260406,0.21
120,Chatra,4,GEN,Jharkhand,Kali Charan Singh,Bharatiya Janta Party,1689926,1086374,0.643,220959,0.203
121,Chelvella,10,GEN,Telangana,Konda Vishweshwar Reddy,Bharatiya Janta Party,2938370,1675354,0.57,172897,0.103
122,Chennai Centra,4,GEN,Tamil Nadu,Dayanidhi Maran,Dravida Munnetra Kazhagam,1350161,730549,0.541,244689,0.335
123,Chennai North,2,GEN,Tamil Nadu,Dr.Kalanidhi Veeraswamy,Dravida Munnetra Kazhagam,1496224,902489,0.603,339222,0.376
124,Chennai South,3,GEN,Tamil Nadu,T.Sumathy (ALIAS) THAMIZHACHI THANGAPANDIAN,Dravida Munnetra Kazhagam,2023133,1099321,0.543,225945,0.206
125,Chhindwara,16,GEN,Madhya Pradesh [2000 Onwards],Bunty Vivek Sahu,Bharatiya Janta Party,1632190,1304827,0.799,113618,0.087
126,Chhota Udaipur,21,ST,Gujarat,Jashubhai Bhilubhai Rathva,Bharatiya Janta Party,1821708,1267719,0.696,398777,0.315
127,Chidambaram,27,SC,Tamil Nadu,Thirumaavalavan Thol,Viduthalai Chiruthaigal Katchi,1519847,1167071,0.768,103554,0.089
128,Chikkballapur,27,GEN,Karnataka,Dr.K.Sudhakar,Bharatiya Janta Party,1981347,1530820,0.773,163460,0.107
129,Chikkodi,1,GEN,Karnataka,Priyanka Satish Jarkiholi,Indian National Congress,1761694,1393093,0.791,90834,0.065
130,Chitradurga,18,SC,Karnataka,Govind Makthappa Karjol,Bharatiya Janta Party,1856876,1366909,0.736,48121,0.035
131,Chittoor,25,SC,Andhra Pradesh [2014 Onwards],Daggumalla Prasada Rao,Telugu Desam,1640202,1418857,0.865,220479,0.155
132,Chittorgarh,21,GEN,Rajasthan,Chandra Prakash Joshi,Bharatiya Janta Party,2170167,1498733,0.691,389877,0.26
133,Churu,3,GEN,Rajasthan,Rahul Kaswan,Indian National Congress,2213187,1424645,0.644,72737,0.051
134,Coimbatore,20,GEN,Tamil Nadu,Ganapathy Rajkumar P,Dravida Munnetra Kazhagam,2106124,1372833,0.652,118068,0.086
135,Cooch Behar,1,SC,West Bengal,Jagadish Chandra Barma Basunia,All India Trinamool Congress,1966893,1623048,0.825,39250,0.024
136,Cuddalore,26,GEN,Tamil Nadu,M.K. Vishnuprasad,Indian National Congress,1412746,1031563,0.73,185896,0.18
137,Cuttack,14,GEN,Orissa,Bhartruhari Mahtab,Bharatiya Janta Party,1571622,1120795,0.713,57077,0.051
138,Dadra And Nagar Haveli,1,GEN,Dadra & Nagar Haveli,Delkar Kalaben Mohanbhai,Bharatiya Janta Party,283024,205588,0.726,57584,0.28
139,Dahod,19,ST,Gujarat,Jaswantsinh Sumanbhai Bhabhor,Bharatiya Janta Party,1875136,1118294,0.596,333677,0.298
140,Dakshina Kanna,17,GEN,Karnataka,Captain Brijesh Chowta,Bharatiya Janta Party,1817603,1415770,0.779,149208,0.105
141,Daman And Diu,1,GEN,Daman & Diu,Patel Umeshbhai Babubhai,Independent,134189,92410,0.689,6225,0.067
142,Damoh,7,GEN,Madhya Pradesh [2000 Onwards],Rahul Singh Lodhi,Bharatiya Janta Party,1925314,1088944,0.566,406426,0.373
143,Darbhanga,14,GEN,Bihar [2000 Onwards],Gopal Jee Thakur,Bharatiya Janta Party,1781356,1024184,0.575,178156,0.174
144,Darjeeling,4,GEN,West Bengal,Raju Bista,Bharatiya Janta Party,1765744,1327412,0.752,178525,0.134
145,Darrang-Udalguri,4,GEN,Assam,Dilip Saikia,Bharatiya Janta Party,2209314,1811200,0.82,329012,0.182
146,Dausa,11,ST,Rajasthan,Murari Lal Meena,Indian National Congress,1899304,1072734,0.565,237340,0.221
147,Davanagere,13,GEN,Karnataka,Dr. Prabha Mallikarjun,Indian National Congress,1709244,1320368,0.773,26094,0.02
148,Deoria,66,GEN,Uttar Pradesh [2000 Onwards],Shashank Mani,Bharatiya Janta Party,1873821,1043308,0.557,34842,0.033
149,Dewas,21,SC,Madhya Pradesh [2000 Onwards],Mahendra Singh Solanky,Bharatiya Janta Party,1940472,1469104,0.757,425225,0.289
150,Dhanbad,7,GEN,Jharkhand,Dulu Mahato,Bharatiya Janta Party,2285237,1428007,0.625,331583,0.232
151,Dhar,25,ST,Madhya Pradesh [2000 Onwards],Savitri Thakur,Bharatiya Janta Party,1953834,1425044,0.729,218665,0.153
152,Dharmapuri,10,GEN,Tamil Nadu,Mani. A.,Dravida Munnetra Kazhagam,1524896,1247832,0.818,21300,0.017
153,Dharwad,11,GEN,Karnataka,Pralhad Joshi,Bharatiya Janta Party,1831975,1366491,0.746,97324,0.071
154,Dhaurahra,29,GEN,Uttar Pradesh [2000 Onwards],Anand Bhadauriya,Samajwadi Party,1719345,1111847,0.647,4449,0.004
155,Dhenkanal,9,GEN,Orissa,Rudra Narayan Pany,Bharatiya Janta Party,1529785,1191673,0.779,76567,0.064
156,Dhubri,2,GEN,Assam,Rakibul Hussain,Indian National Congress,2660827,2453608,0.922,1012476,0.413
157,Dhule,2,GEN,Maharashtra,Bachhav Shobha Dinesh,Indian National Congress,2022061,1219295,0.603,3831,0.003
158,Diamond Harbou,21,GEN,West Bengal,Abhishek Banerjee,All India Trinamool Congress,1880779,1530817,0.814,710930,0.464
159,Dibrugarh,13,GEN,Assam,Sarbananda Sonowal,Bharatiya Janta Party,1659588,1278322,0.77,279321,0.219
160,Dindigul,22,GEN,Tamil Nadu,Sachithanantham R,Communist Party Of India (Marxist),1607051,1149621,0.715,443821,0.386
161,Dindori,20,ST,Maharashtra,Bhaskar Murlidhar Bhagare,Nationalist Congress Party – Sharadchandra Pawar,1853387,1240910,0.67,113199,0.091
162,Diphu,6,ST,Assam,Amarsing Tisso,Bharatiya Janta Party,901032,682827,0.758,147603,0.216
163,Domariyaganj,60,GEN,Uttar Pradesh [2000 Onwards],Jagdambika Pal,Bharatiya Janta Party,1961845,1018965,0.519,42728,0.042
164,Dum Dum,16,GEN,West Bengal,Sougata Ray,All India Trinamool Congress,1699656,1260046,0.741,70660,0.056
165,Dumka,2,ST,Jharkhand,Nalin Soren,Jharkhand Mukti Morcha,1591061,1184132,0.744,22527,0.019
166,Durg,7,GEN,Chhattisgarh,Vijay Baghel,Bharatiya Janta Party,2090414,1542787,0.738,438226,0.284
167,East Delhi,3,GEN,Delhi [1977 Onwards],Harsh Malhotra,Bharatiya Janta Party,2120584,1264049,0.596,93663,0.074
168,Eluru,10,,Andhra Pradesh [2014 Onwards],Putta Mahesh Kumar,Telugu Desam,1637430,1382049,0.844,181857,0.132
169,Ernakulam,12,GEN,Kerala,Hibi Eden,Indian National Congress,1324047,910502,0.688,250385,0.275
170,Erode,17,GEN,Tamil Nadu,K E Prakash,Dravida Munnetra Kazhagam,1538778,1093423,0.711,236566,0.216
171,Etah,22,GEN,Uttar Pradesh [2000 Onwards],Devesh Shakya,Samajwadi Party,1700524,1010381,0.594,28052,0.028
172,Etawah,41,SC,Uttar Pradesh [2000 Onwards],Jitendra Kumar Dohare,Samajwadi Party,1828498,1033784,0.565,58419,0.057
173,Faizabad,54,GEN,Uttar Pradesh [2000 Onwards],Awadhesh Prasad,Samajwadi Party,1927459,1140661,0.592,54567,0.048
174,Faridabad,10,GEN,Haryana,Krishan Pal,Bharatiya Janta Party,2430212,1471322,0.605,172914,0.118
175,Faridkot,9,SC,Punjab,Sarabjeet Singh Khalsa,Independent,1594033,1014455,0.636,70053,0.069
176,Farrukhabad,40,GEN,Uttar Pradesh [2000 Onwards],Mukesh Rajput,Bharatiya Janta Party,1747182,1033794,0.592,2678,0.003
177,Fatehgarh Sahi,8,SC,Punjab,Amar Singh,Indian National Congress,1552567,974256,0.628,34202,0.035
178,Fatehpur,49,GEN,Uttar Pradesh [2000 Onwards],Naresh Chandra Uttam Patel,Samajwadi Party,1938563,1106944,0.571,33199,0.03
179,Fatehpur Sikri,19,GEN,Uttar Pradesh [2000 Onwards],Rajkumar Chahar,Bharatiya Janta Party,1798823,1034155,0.575,43405,0.042
180,Ferozpur,10,GEN,Punjab,Sher Singh Ghubaya,Indian National Congress,1670008,1125115,0.674,3242,0.003
181,Firozabad,20,GEN,Uttar Pradesh [2000 Onwards],Akshaya Yadav,Samajwadi Party,1890772,1107296,0.586,89312,0.081
182,Gadchiroli-Chi,12,ST,Maharashtra,Dr. Kirsan Namdeo,Indian National Congress,1617207,1166360,0.721,141696,0.121
183,Gandhinagar,6,GEN,Gujarat,Amit Shah,Bharatiya Janta Party,2182736,1321802,0.606,744716,0.563
184,Ganganagar,1,SC,Rajasthan,Kuldeep Indora,Indian National Congress,2102002,1413494,0.673,88153,0.062
185,Garhwal,2,GEN,Uttarakhand,Anil Baluni,Bharatiya Janta Party,1369388,737431,0.539,163503,0.222
186,Gautam Buddha Nagar,13,GEN,Uttar Pradesh [2000 Onwards],Dr. Mahesh Sharma,Bharatiya Janta Party,2675148,1437244,0.537,559472,0.389
187,Gaya,38,SC,Bihar [2000 Onwards],Jitan Ram Manjhi,Hindustani Awam Morcha (Secular),1816815,963676,0.53,101812,0.106
188,Ghatal,32,GEN,West Bengal,Adhikari Deepak (DEV),All India Trinamool Congress,1939945,1600556,0.825,182868,0.114
189,Ghaziabad,12,GEN,Uttar Pradesh [2000 Onwards],Atul Garg,Bharatiya Janta Party,2945487,1470430,0.499,336965,0.229
190,Ghazipur,75,GEN,Uttar Pradesh [2000 Onwards],Afzal Ansari,Samajwadi Party,2074883,1153094,0.556,124861,0.108
191,Ghosi,70,GEN,Uttar Pradesh [2000 Onwards],Rajeev Rai,Samajwadi Party,2083928,1150590,0.552,162943,0.142
192,Giridih,6,GEN,Jharkhand,Chandra Prakash Choudhary,Ajsu Party,1864660,1264833,0.678,80880,0.064
193,Godda,3,GEN,Jharkhand,Nishikant Dubey,Bharatiya Janta Party,2028154,1398204,0.689,101813,0.073
194,Gonda,59,GEN,Uttar Pradesh [2000 Onwards],Kirtivardhan Singh,Bharatiya Janta Party,1843121,952884,0.517,46224,0.049
195,Gopalganj,17,SC,Bihar [2000 Onwards],Dr. Alok Kumar Suman,Janata Dal (United),2024673,1063027,0.525,127180,0.12
196,Gorakhpur,64,GEN,Uttar Pradesh [2000 Onwards],Ravindra Shukla Alias Ravi Kishan,Bharatiya Janta Party,2097202,1154413,0.551,103526,0.09
197,Gulbarga,5,SC,Karnataka,Radhakrishna,Indian National Congress,2098202,1310477,0.625,27205,0.021
198,Guna,4,GEN,Madhya Pradesh [2000 Onwards],Jyotiraditya M. Scindia,Bharatiya Janta Party,1889551,1373766,0.727,540929,0.394
199,Guntur,13,,Andhra Pradesh [2014 Onwards],Dr Chandra Sekhar Pemmasani,Telugu Desam,1791543,1425371,0.796,344695,0.242
200,Gurdaspur,1,GEN,Punjab,Sukhjinder Singh Randhawa,Indian National Congress,1605204,1077826,0.672,82861,0.077
201,Gurgaon,9,GEN,Haryana,Rao Inderjit Singh,Bharatiya Janta Party,2573411,1601232,0.622,75079,0.047
202,Guwahati,5,GEN,Assam,Bijuli Kalita Medhi,Bharatiya Janta Party,2036846,1599389,0.785,251090,0.157
203,Gwalior,3,GEN,Madhya Pradesh [2000 Onwards],Bharat Singh Kushwah,Bharatiya Janta Party,2154601,1343229,0.623,70210,0.052
204,Hajipur,21,SC,Bihar [2000 Onwards],Chirag Paswan,Lok Janshakti Party(Ram Vilas),1967094,1155324,0.587,170105,0.147
205,Hamirpur,47,GEN,Uttar Pradesh [2000 Onwards],Ajendra Singh Lodhi,Samajwadi Party,1839761,1115299,0.606,2629,0.002
206,Hamirpur,3,GEN,Himachal Pradesh,Anurag Singh Thakur,Bharatiya Janta Party,1432636,1047263,0.731,182357,0.174
207,Hardoi,31,SC,Uttar Pradesh [2000 Onwards],Jai Prakash,Bharatiya Janta Party,1910485,1100116,0.576,27856,0.025
208,Hardwar,5,GEN,Uttarakhand,Trivendra Singh Rawat,Bharatiya Janta Party,2035726,1302623,0.64,164056,0.126
209,Hassan,16,GEN,Karnataka,Shreyas. M. Patel,Indian National Congress,1736610,1355007,0.78,42649,0.031
210,Hathras,16,SC,Uttar Pradesh [2000 Onwards],Anoop Pradhan Balmiki,Bharatiya Janta Party,1938080,1082720,0.559,247318,0.228
211,Hatkanangle,48,GEN,Maharashtra,Dhairyasheel Sambhajirao Mane,Shiv Sena,1814277,1296024,0.714,13426,0.01
212,Haveri,10,GEN,Karnataka,Basavaraj Bommai,Bharatiya Janta Party,1792774,1395812,0.779,43513,0.031
213,Hazaribagh,14,GEN,Jharkhand,Manish Jaiswal,Bharatiya Janta Party,1939374,1264667,0.652,276686,0.219
214,Hindupur,20,,Andhra Pradesh [2014 Onwards],B K Parthasarathi,Telugu Desam,1656775,1416339,0.855,132427,0.093
215,Hingoli,15,GEN,Maharashtra,Aashtikar Patil Nagesh Bapurao,Shiv Sena (Uddhav Balasaheb Thackrey),1817734,1159300,0.638,108602,0.094
216,Hisar,4,GEN,Haryana,Jai Parkash (J P) S/O HARIKESH,Indian National Congress,1790722,1174115,0.656,63381,0.054
217,Hooghly,28,GEN,West Bengal,Rachna Banerjee,All India Trinamool Congress,1858067,1517511,0.817,76853,0.051
218,Hoshangabad,17,GEN,Madhya Pradesh [2000 Onwards],Darshan Singh Choudhary,Bharatiya Janta Party,1855692,1249692,0.673,431696,0.345
219,Hoshiarpur,5,SC,Punjab,Dr. Raj Kumar Chabbewal,Aam Aadmi Party,1601826,948485,0.592,44111,0.047
220,Howrah,25,GEN,West Bengal,Prasun Banerjee,All India Trinamool Congress,1769184,1271796,0.719,169442,0.133
221,Hyderabad,9,GEN,Telangana,Asaduddin Owaisi,All India Majlis-E-Ittehadul Muslimeen,2217094,1080324,0.487,338087,0.313
222,Idukki,13,GEN,Kerala,Adv. Dean Kuriakose,Indian National Congress,1250157,840657,0.672,133727,0.159
223,Indore,26,GEN,Madhya Pradesh [2000 Onwards],Shankar Lalwani,Bharatiya Janta Party,2526803,1561968,0.618,1175092,0.752
224,Inner Manipur,1,GEN,Manipur,Angomcha Bimol Akoijam,Indian National Congress,991574,796897,0.804,109801,0.138
225,Jabalpur,13,GEN,Madhya Pradesh [2000 Onwards],Ashish Dubey,Bharatiya Janta Party,1896346,1158545,0.61,486674,0.42
226,Jadavpur,22,GEN,West Bengal,Sayani Ghosh,All India Trinamool Congress,2033525,1566509,0.77,258201,0.165
227,Jagatsinghpur,16,SC,Orissa,Bibhu Prasad Tarai,Bharatiya Janta Party,1700814,1286287,0.756,40696,0.032
228,Jahanabad,36,GEN,Bihar [2000 Onwards],Surendra Prasad Yadav,Rashtriya Janata Dal,1670327,925370,0.551,142591,0.154
229,Jaipur,7,GEN,Rajasthan,Manju Sharma,Bharatiya Janta Party,2287350,1463258,0.64,331767,0.227
230,Jaipur Rural,6,GEN,Rajasthan,Rao Rajendra Singh,Bharatiya Janta Party,2184978,1262054,0.578,1615,0.001
231,Jajpur,8,SC,Orissa,Rabindra Narayan Behera,Bharatiya Janta Party,1545664,1161208,0.751,1587,0.001
232,Jalandhar,4,SC,Punjab,Charanjit Singh Channi,Indian National Congress,1654005,989107,0.598,175993,0.178
233,Jalaun,45,SC,Uttar Pradesh [2000 Onwards],Narayan Das Ahirwar,Samajwadi Party,2006161,1128949,0.563,53898,0.048
234,Jalgaon,3,GEN,Maharashtra,Smita Uday Wagh,Bharatiya Janta Party,1994046,1169553,0.587,251594,0.215
235,Jalna,18,GEN,Maharashtra,Kalyan Vaijinathrao Kale,Indian National Congress,1967574,1363409,0.693,109958,0.081
236,Jalore,18,GEN,Rajasthan,Lumbaram,Bharatiya Janta Party,2297328,1451126,0.632,201543,0.139
237,Jalpaiguri,3,SC,West Bengal,Dr Jayanta Kumar Roy,Bharatiya Janta Party,1885963,1578389,0.837,86693,0.055
238,Jammu,5,,Jammu & Kashmir,Jugal Kishore,Bharatiya Janta Party,1780835,1302176,0.731,135498,0.104
239,Jamnagar,12,GEN,Gujarat,Poonamben Hematbhai Maadam,Bharatiya Janta Party,1817864,1051235,0.578,238008,0.226
240,Jamshedpur,9,GEN,Jharkhand,Bidyut Baran Mahato,Bharatiya Janta Party,1869278,1277629,0.684,259782,0.203
241,Jamui,40,SC,Bihar [2000 Onwards],Arun Bharti,Lok Janshakti Party(Ram Vilas),1907126,979233,0.514,112482,0.115
242,Jangipur,9,GEN,West Bengal,Khalilur Rahaman,All India Trinamool Congress,1805360,1369633,0.759,116637,0.085
243,Janjgir-Champa,3,SC,Chhattisgarh,Kamlesh Jangde,Bharatiya Janta Party,2056047,1392240,0.677,60000,0.043
244,Jaunpur,73,GEN,Uttar Pradesh [2000 Onwards],Babu Singh Kushwaha,Samajwadi Party,1977237,1101788,0.557,99335,0.09
245,Jhalawar-Baran,25,GEN,Rajasthan,Dushyant Singh,Bharatiya Janta Party,2030525,1421331,0.7,370989,0.261
246,Jhanjharpur,7,GEN,Bihar [2000 Onwards],Ramprit Mandal,Janata Dal (United),2003040,1093741,0.546,184169,0.168
247,Jhansi,46,GEN,Uttar Pradesh [2000 Onwards],Anurag Sharma,Bharatiya Janta Party,2161221,1380506,0.639,102614,0.074
248,Jhargram,33,ST,West Bengal,Kalipada Saren (KHERWAL),All India Trinamool Congress,1779794,1490843,0.838,174048,0.117
249,Jhunjhunu,4,GEN,Rajasthan,Brijendra Singh Ola,Indian National Congress,2068540,1118927,0.541,18235,0.016
250,Jodhpur,16,GEN,Rajasthan,Gajendra Singh Shekhawat,Bharatiya Janta Party,2132713,1383838,0.649,115677,0.084
251,Jorhat,14,GEN,Assam,Gaurav Gogoi,Indian National Congress,1727121,1391160,0.806,144393,0.104
252,Joynagar,19,SC,West Bengal,Pratima Mondal,All India Trinamool Congress,1844780,1482631,0.803,470219,0.317
253,Junagadh,13,GEN,Gujarat,Chudasama Rajeshbhai Naranbhai,Bharatiya Janta Party,1795110,1068253,0.595,135494,0.127
254,Kachchh,1,SC,Gujarat,Chavda Vinod Lakhamshi,Bharatiya Janta Party,1943136,1095157,0.564,268782,0.245
255,Kadapa,21,,Andhra Pradesh [2014 Onwards],Y. S. Avinash Reddy,Yuvajana Sramika Rythu Congress Party,1639066,1321975,0.807,62695,0.047
256,Kairana,2,GEN,Uttar Pradesh [2000 Onwards],Iqra Choudhary,Samajwadi Party,1722432,1079806,0.627,69116,0.064
257,Kaiserganj,57,GEN,Uttar Pradesh [2000 Onwards],Karan Bhushan Singh,Bharatiya Janta Party,1904726,1062099,0.558,148843,0.14
258,Kakinada,6,,Andhra Pradesh [2014 Onwards],Tangella Uday Srinivas (TEA TIME UDAY),Janasena Party,1634122,1329803,0.814,229491,0.173
259,Kalahandi,11,GEN,Orissa,Malvika Devi,Bharatiya Janta Party,1700780,1334244,0.785,133813,0.1
260,Kallakurichi,14,GEN,Tamil Nadu,Malaiyarasan D,Dravida Munnetra Kazhagam,1568681,1249568,0.797,53784,0.043
261,Kalyan,24,GEN,Maharashtra,Dr Shrikant Eknath Shinde,Shiv Sena,2082221,1045736,0.502,209144,0.2
262,Kancheepuram,6,SC,Tamil Nadu,Selvam. G,Dravida Munnetra Kazhagam,1748866,1259578,0.72,221473,0.176
263,Kandhamal,13,GEN,Orissa,Sukanta Kumar Panigrahi,Bharatiya Janta Party,1339090,996091,0.744,21371,0.021
264,Kangra,1,GEN,Himachal Pradesh,Dr Rajeev Bhardwaj,Bharatiya Janta Party,1502514,1036868,0.69,251895,0.243
265,Kanker,11,ST,Chhattisgarh,Bhojraj Nag,Bharatiya Janta Party,1654440,1265429,0.765,1884,0.001
266,Kannauj,42,GEN,Uttar Pradesh [2000 Onwards],Akhilesh Yadav,Samajwadi Party,1988925,1217833,0.612,170922,0.14
267,Kanniyakumari,39,GEN,Tamil Nadu,Vijayakumar (Alias) VIJAY VASANTH,Indian National Congress,1557915,1029055,0.661,179907,0.175
268,Kannur,2,GEN,Kerala,K. Sudhakaran,Indian National Congress,1358368,1063855,0.783,108982,0.102
269,Kanpur,43,GEN,Uttar Pradesh [2000 Onwards],Ramesh Awasthi,Bharatiya Janta Party,1662859,887396,0.534,20968,0.024
270,Kanthi,31,GEN,West Bengal,Adhikari Soumendu,Bharatiya Janta Party,1794537,1530997,0.853,47764,0.031
271,Karakat,35,GEN,Bihar [2000 Onwards],Raja Ram Singh,Communist Party Of India (Marxist-Leninist) (Liberation),1881191,1031618,0.537,105858,0.103
272,Karauli-Dholpu,10,SC,Rajasthan,Bhajan Lal Jatav,Indian National Congress,1975352,988122,0.5,98945,0.1
273,Karimganj,7,SC,Assam,Kripanath Mallah,Bharatiya Janta Party,1412148,1146882,0.812,18360,0.016
274,Karimnagar,3,GEN,Telangana,Bandi Sanjay Kumar,Bharatiya Janta Party,1797150,1312852,0.731,225209,0.172
275,Karnal,5,GEN,Haryana,Manohar Lal,Bharatiya Janta Party,2104229,1345892,0.64,232577,0.173
276,Karur,23,GEN,Tamil Nadu,Jothimani. S,Indian National Congress,1429790,1132045,0.791,166816,0.147
277,Kasaragod,1,GEN,Kerala,Rajmohan Unnithan,Indian National Congress,1452230,1112546,0.766,100649,0.09
278,Katihar,11,GEN,Bihar [2000 Onwards],Tariq Anwar,Indian National Congress,1833009,1171546,0.639,49863,0.043
279,Kaushambi,50,SC,Uttar Pradesh [2000 Onwards],Pushpendra Saroj,Samajwadi Party,1909620,1009329,0.529,103944,0.103
280,Kaziranga,10,GEN,Assam,Kamakhya Prasad Tasa,Bharatiya Janta Party,2050126,1629937,0.795,248947,0.153
281,Kendrapara,15,GEN,Orissa,Baijayant Panda,Bharatiya Janta Party,1792723,1277108,0.712,66536,0.052
282,Keonjhar,4,ST,Orissa,Ananta Nayak,Bharatiya Janta Party,1588179,1256615,0.791,97042,0.077
283,Khadoor Sahib,3,GEN,Punjab,Amritpal Singh,Independent,1667797,1047165,0.628,197120,0.188
284,Khagaria,25,GEN,Bihar [2000 Onwards],Rajesh Verma,Lok Janshakti Party(Ram Vilas),1840217,1061894,0.577,161131,0.152
285,Khajuraho,8,GEN,Madhya Pradesh [2000 Onwards],Vishnu Datt Sharma (V.D.SHARMA),Bharatiya Janta Party,1997483,1140570,0.571,541229,0.475
286,Khammam,17,GEN,Telangana,Ramasahayam Raghuram Reddy,Indian National Congress,1631039,1251283,0.767,467847,0.374
287,Khandwa,28,GEN,Madhya Pradesh [2000 Onwards],Gyaneshwar Patil,Bharatiya Janta Party,2112203,1512542,0.716,269971,0.178
288,Khargone,27,ST,Madhya Pradesh [2000 Onwards],Gajendra Singh Patel,Bharatiya Janta Party,2046030,1558778,0.762,135018,0.087
289,Kheda,17,GEN,Gujarat,Devusinh Chauhan,Bharatiya Janta Party,2007404,1175848,0.586,357758,0.304
290,Kheri,28,GEN,Uttar Pradesh [2000 Onwards],Utkarsh Verma Madhur,Samajwadi Party,1870170,1213359,0.649,34329,0.028
291,Khunti,11,ST,Jharkhand,Kali Charan Munda,Indian National Congress,1326138,936682,0.706,149675,0.16
292,Kishanganj,10,GEN,Bihar [2000 Onwards],Mohammad Jawed,Indian National Congress,1829994,1151099,0.629,59692,0.052
293,Kodarma,5,GEN,Jharkhand,Annpurna Devi,Bharatiya Janta Party,2205318,1369964,0.621,377014,0.275
294,Kokrajhar,1,ST,Assam,Joyanta Basumatary,United Peoples Party Liberal,1484571,1241496,0.836,51583,0.042
295,Kolar,28,SC,Karnataka,M. Mallesh Babu,Janata Dal (Secular),1726914,1355228,0.785,71388,0.053
296,Kolhapur,47,GEN,Maharashtra,Chhatrapati Shahu Shahaji,Indian National Congress,1936403,1393326,0.72,154964,0.111
297,Kolkata Dakshi,23,GEN,West Bengal,Mala Roy,All India Trinamool Congress,1849520,1243477,0.672,187231,0.151
298,Kolkata Uttar,24,GEN,West Bengal,Bandyopadhyay Sudip,All India Trinamool Congress,1505356,958433,0.637,92560,0.097
299,Kollam,18,GEN,Kerala,N K Premachandran,Revolutionary Socialist Party,1326648,915691,0.69,150302,0.164
300,Koppal,8,GEN,Karnataka,K. Rajashekar Basavaraj Hitnal,Indian National Congress,1866397,1328936,0.712,46357,0.035
301,Koraput,21,ST,Orissa,Saptagiri Sankar Ulaka,Indian National Congress,1480922,1148842,0.776,147744,0.129
302,Korba,4,GEN,Chhattisgarh,Jyotsna Charandas Mahant,Indian National Congress,1618864,1225313,0.757,43283,0.035
303,Kota,24,GEN,Rajasthan,Om Birla,Bharatiya Janta Party,2088023,1500157,0.719,41974,0.028
304,Kottayam,14,GEN,Kerala,Adv K Francis George,Kerala Congress,1254823,836223,0.666,87266,0.104
305,Kozhikode,5,GEN,Kerala,M. K. Raghavan,Indian National Congress,1429631,1090050,0.763,146176,0.134
306,Krishnagiri,9,GEN,Tamil Nadu,Gopinath K,Indian National Congress,1623179,1166156,0.718,192486,0.165
307,Krishnanagar,12,GEN,West Bengal,Mahua Moitra,All India Trinamool Congress,1755631,1425712,0.812,56705,0.04
308,Kurnool,18,,Andhra Pradesh [2014 Onwards],Bastipati Nagaraju Panchalingala,Telugu Desam,1722857,1330780,0.772,111298,0.084
309,Kurukshetra,2,GEN,Haryana,Naveen Jindal,Bharatiya Janta Party,1794300,1205872,0.672,29021,0.024
310,Kushi Nagar,65,GEN,Uttar Pradesh [2000 Onwards],Vijay Kumar Dubay,Bharatiya Janta Party,1875222,1080483,0.576,81790,0.076
311,Ladakh,1,GEN,Ladakh,Mohmad Haneefa,Independent,184808,135524,0.733,27862,0.206
312,Lakhimpur,12,GEN,Assam,Pradan Baruah,Bharatiya Janta Party,1577234,1211214,0.768,201257,0.166
313,Lakshadweep,1,,Lakshadweep,Muhammed Hamdullah Sayeed,Indian National Congress,57784,49200,0.851,2647,0.054
314,Lalganj,68,SC,Uttar Pradesh [2000 Onwards],Daroga Prasad Saroj,Samajwadi Party,1838882,1003438,0.546,115023,0.115
315,Latur,41,SC,Maharashtra,Dr. Kalge Shivaji Bandappa,Indian National Congress,1977042,1239079,0.627,61881,0.05
316,Lohardaga,12,ST,Jharkhand,Sukhdeo Bhagat,Indian National Congress,1441302,967125,0.671,139138,0.144
317,Lucknow,35,GEN,Uttar Pradesh [2000 Onwards],Raj Nath Singh,Bharatiya Janta Party,2172171,1136892,0.523,135159,0.119
318,Ludhiana,7,GEN,Punjab,Amrinder Singh Raja Warring,Indian National Congress,1758614,1059157,0.602,20942,0.02
319,Machhlishahr,74,SC,Uttar Pradesh [2000 Onwards],Priya Saroj,Samajwadi Party,1940605,1060063,0.546,35850,0.034
320,Machilipatnam,11,,Andhra Pradesh [2014 Onwards],Balashowry Vallabhaneni,Janasena Party,1539460,1312004,0.852,223179,0.17
321,Madha,43,GEN,Maharashtra,Mohite-Patil Dhairyasheel Rajsinh,Nationalist Congress Party – Sharadchandra Pawar,1991454,1273418,0.639,120837,0.095
322,Madhepura,13,GEN,Bihar [2000 Onwards],Dinesh Chandra Yadav,Janata Dal (United),2071166,1209695,0.584,174534,0.144
323,Madhubani,6,GEN,Bihar [2000 Onwards],Ashok Kumar Yadav,Bharatiya Janta Party,1934980,1027728,0.531,151945,0.148
324,Madurai,32,GEN,Tamil Nadu,Venkatesan S,Communist Party Of India (Marxist),1582271,986969,0.624,209409,0.212
325,Mahabubabad,16,ST,Telangana,Balram Naik Porika,Indian National Congress,1532366,1108786,0.724,349165,0.315
326,Maharajganj,63,GEN,Uttar Pradesh [2000 Onwards],Pankaj Chaudhary,Bharatiya Janta Party,2004050,1210451,0.604,35451,0.029
327,Maharajganj,19,GEN,Bihar [2000 Onwards],"Janardan Singh ""sigriwal""",Bharatiya Janta Party,1934937,1014109,0.524,102651,0.101
328,Mahasamund,9,GEN,Chhattisgarh,Roop Kumari Choudhary,Bharatiya Janta Party,1762477,1326080,0.752,145456,0.11
329,Mahbubnagar,11,GEN,Telangana,Aruna. D. K,Bharatiya Janta Party,1682470,1226078,0.729,4500,0.004
330,Mahesana,4,GEN,Gujarat,Haribhai Patel,Bharatiya Janta Party,1770617,1076827,0.608,328046,0.305
331,Mainpuri,21,GEN,Uttar Pradesh [2000 Onwards],Dimple Yadav,Samajwadi Party,1790797,1054011,0.589,221639,0.21
332,Malappuram,6,GEN,Kerala,E.T. Mohammed Basheer,Indian Union Muslim League,1479921,1085182,0.733,300118,0.277
333,Maldaha Dakshi,8,GEN,West Bengal,Isha Khan Choudhury,Indian National Congress,1782159,1369789,0.769,128368,0.094
334,Maldaha Uttar,7,GEN,West Bengal,Khagen Murmu,Bharatiya Janta Party,1862035,1417589,0.761,77708,0.055
335,Malkajgiri,7,GEN,Telangana,Eatala Rajender,Bharatiya Janta Party,3779596,1933843,0.512,391475,0.202
336,Mandi,2,GEN,Himachal Pradesh,Kangna Ranaut,Bharatiya Janta Party,1364060,1015810,0.745,74755,0.074
337,Mandla,14,ST,Madhya Pradesh [2000 Onwards],Faggan Singh Kulaste,Bharatiya Janta Party,2101811,1535632,0.731,103846,0.068
338,Mandsour,23,GEN,Madhya Pradesh [2000 Onwards],Sudheer Gupta,Bharatiya Janta Party,1898060,1433492,0.755,500655,0.349
339,Mandya,20,GEN,Karnataka,H.D. Kumaraswamy,Janata Dal (Secular),1779243,1460267,0.821,284620,0.195
340,Mathura,17,GEN,Uttar Pradesh [2000 Onwards],Hemamalini Dharmendra Deol,Bharatiya Janta Party,1929550,957046,0.496,293407,0.307
341,Mathurapur,20,SC,West Bengal,Bapi Haldar,All India Trinamool Congress,1817068,1496024,0.82,201057,0.134
342,Maval,33,GEN,Maharashtra,Shrirang Appa Chandu Barne,Shiv Sena,2585018,1419401,0.549,96615,0.068
343,Mavelikkara,16,SC,Kerala,Kodikunnil Suresh,Indian National Congress,1331880,894971,0.672,10868,0.012
344,Mayiladuthurai,28,GEN,Tamil Nadu,Sudha R,Indian National Congress,1545568,1087708,0.704,271183,0.249
345,Mayurbhanj,5,ST,Orissa,Naba Charan Majhi,Bharatiya Janta Party,1542927,1174050,0.761,219334,0.187
346,Medak,6,GEN,Telangana,Madhavaneni Raghunandan Rao,Bharatiya Janta Party,1828210,1386239,0.758,39139,0.028
347,Medinipur,34,GEN,West Bengal,June Maliah,All India Trinamool Congress,1811243,1481563,0.818,27191,0.018
348,Meerut,10,GEN,Uttar Pradesh [2000 Onwards],Arun Govil,Bharatiya Janta Party,2000530,1182479,0.591,10585,0.009
349,Mirzapur,79,GEN,Uttar Pradesh [2000 Onwards],Anupriya Patel,Apna Dal (Soneylal),1906327,1105405,0.58,37810,0.034
350,Misrikh,32,SC,Uttar Pradesh [2000 Onwards],Ashok Kumar Rawat,Bharatiya Janta Party,1878195,1051983,0.56,33406,0.032
351,Mizoram,1,ST,Mizoram,Richard Vanlalhmangaiha,Zoram People’s Movement,856364,491336,0.574,68288,0.139
352,Mohanlalganj,34,SC,Uttar Pradesh [2000 Onwards],R.K. Chaudhary,Samajwadi Party,2187232,1377452,0.63,70292,0.051
353,Moradabad,6,GEN,Uttar Pradesh [2000 Onwards],Ruchi Vira,Samajwadi Party,2059578,1283185,0.623,105762,0.082
354,Morena,1,GEN,Madhya Pradesh [2000 Onwards],Shivmangal Singh Tomar,Bharatiya Janta Party,2006730,1187331,0.592,52530,0.044
355,Mumbai North,26,GEN,Maharashtra,Piyush Goyal,Bharatiya Janta Party,1811942,1035493,0.572,357608,0.345
356,Mumbai North Central,29,GEN,Maharashtra,Gaikwad Varsha Eknath,Indian National Congress,1744128,910562,0.522,16514,0.018
357,Mumbai North East,28,GEN,Maharashtra,Sanjay Dina Patil,Shiv Sena (Uddhav Balasaheb Thackrey),1636890,926469,0.566,29861,0.032
358,Mumbai North West,27,GEN,Maharashtra,Ravindra Dattaram Waikar,Shiv Sena,1735088,954939,0.55,48,0
359,Mumbai South,31,GEN,Maharashtra,Arvind Ganpat Sawant,Shiv Sena (Uddhav Balasaheb Thackrey),1536168,773113,0.503,52673,0.068
360,Mumbai South Central,30,GEN,Maharashtra,Anil Yeshwant Desai,Shiv Sena (Uddhav Balasaheb Thackrey),1474405,794524,0.539,53384,0.067
361,Munger,28,GEN,Bihar [2000 Onwards],Rajiv Ranjan Singh Alias Lalan Singh,Janata Dal (United),2042279,1139081,0.558,80870,0.071
362,Murshidabad,11,GEN,West Bengal,Abu Taher Khan,All India Trinamool Congress,1888097,1541559,0.817,164215,0.107
363,Muzaffarnagar,3,GEN,Uttar Pradesh [2000 Onwards],Harendra Singh Malik,Samajwadi Party,1817472,1078669,0.594,24672,0.023
364,Muzaffarpur,15,GEN,Bihar [2000 Onwards],Raj Bhushan Choudhary,Bharatiya Janta Party,1866106,1112460,0.596,234927,0.211
365,Mysore,21,GEN,Karnataka,Yaduveer Krishnadatta Chamaraja Wadiyar,Bharatiya Janta Party,2092222,1484473,0.71,139262,0.094
366,Nabarangpur,12,ST,Orissa,Balabhadra Majhi,Bharatiya Janta Party,1514140,1242475,0.821,87536,0.07
367,Nagaland,1,ST,Nagaland,S Supongmeren Jamir,Indian National Congress,1317536,760796,0.577,50984,0.067
368,Nagaon,9,GEN,Assam,Pradyut Bordoloi,Indian National Congress,1817204,1549998,0.853,212231,0.137
369,Nagapattinam,29,SC,Tamil Nadu,Selvaraj V,Communist Party Of India,1345120,973011,0.723,208957,0.215
370,Nagarkurnool,12,SC,Telangana,Dr.Mallu Ravi,Indian National Congress,1738254,1219223,0.701,94414,0.077
371,Nagaur,14,GEN,Rajasthan,Hanuman Beniwal,Rashtriya Loktantrik Party,2146725,1238473,0.577,42225,0.034
372,Nagina,5,SC,Uttar Pradesh [2000 Onwards],Chandrashekhar,Aazad Samaj Party (Kanshi Ram),1644909,1001303,0.609,151473,0.151
373,Nagpur,10,GEN,Maharashtra,Nitin Jairam Gadkari,Bharatiya Janta Party,2223281,1211321,0.545,137603,0.114
374,Nainital-Udham,4,GEN,Uttarakhand,Ajay Bhatt,Bharatiya Janta Party,2015809,1266016,0.628,334548,0.264
375,Nalanda,29,GEN,Bihar [2000 Onwards],Kaushalendra Kumar,Janata Dal (United),2288240,1144383,0.499,169114,0.148
376,Nalgonda,13,GEN,Telangana,Kunduru Raghuveer,Indian National Congress,1725465,1296324,0.751,559905,0.432
377,Namakkal,16,GEN,Tamil Nadu,Matheswaran V S,Dravida Munnetra Kazhagam,1452562,1146303,0.789,29112,0.025
378,Nanded,16,GEN,Maharashtra,Chavan Vasantrao Balwantrao,Indian National Congress,1851843,1128254,0.609,59442,0.053
379,Nandurbar,1,ST,Maharashtra,Adv Gowaal Kagada Padavi,Indian National Congress,1970327,1393669,0.707,159120,0.114
380,Nandyal,17,,Andhra Pradesh [2014 Onwards],Dr Byreddy Shabari,Telugu Desam,1721013,1404418,0.816,111975,0.08
381,Narasaraopet,14,,Andhra Pradesh [2014 Onwards],Lavu Srikrishna Devarayalu,Telugu Desam,1734858,1499569,0.864,159729,0.107
382,Narsapuram,9,,Andhra Pradesh [2014 Onwards],Bhupathi Raju Srinivasa Varma (B.J.P.VARMA),Bharatiya Janta Party,1472923,1230994,0.836,276802,0.225
383,Nashik,21,GEN,Maharashtra,Rajabhau (PARAG) PRAKASH WAJE,Shiv Sena (Uddhav Balasaheb Thackrey),2030124,1237204,0.609,162001,0.131
384,Navsari,25,GEN,Gujarat,C R Patil,Bharatiya Janta Party,2223550,1338216,0.602,773551,0.578
385,Nawada,39,GEN,Bihar [2000 Onwards],Vivek Thakur,Bharatiya Janta Party,2006124,869870,0.434,67670,0.078
386,Nellore,22,,Andhra Pradesh [2014 Onwards],Prabhakar Reddy Vemireddy,Telugu Desam,1712274,1375649,0.803,245902,0.179
387,New Delhi,4,GEN,Delhi [1977 Onwards],Bansuri Swaraj,Bharatiya Janta Party,1525071,847468,0.556,78370,0.092
388,Nilgiris,19,SC,Tamil Nadu,Raja A,Dravida Munnetra Kazhagam,1428387,1018906,0.713,240585,0.236
389,Nizamabad,4,GEN,Telangana,Arvind Dharmapuri,Bharatiya Janta Party,1704867,1233581,0.724,109241,0.089
390,North East Delhi,2,GEN,Delhi [1977 Onwards],Manoj Tiwari,Bharatiya Janta Party,2463159,1552731,0.63,138778,0.089
391,North Goa,1,GEN,Goa,Shripad Yesso Naik,Bharatiya Janta Party,580577,456018,0.786,116015,0.254
392,North West Delhi,5,SC,Delhi [1977 Onwards],Yogender Chandoliya,Bharatiya Janta Party,2567423,1487207,0.579,290849,0.196
393,Ongole,16,,Andhra Pradesh [2014 Onwards],Magunta Sreenivasulu Reddy,Telugu Desam,1607832,1422214,0.885,50199,0.035
394,Osmanabad,40,GEN,Maharashtra,Omprakash Bhupalsinh Alias Pavan Rajenimbalkar,Shiv Sena (Uddhav Balasaheb Thackrey),1992737,1281052,0.643,329846,0.257
395,Outer Manipur,2,ST,Manipur,Alfred Kanngam S Arthur,Indian National Congress,1038027,796735,0.768,85418,0.107
396,Palakkad,8,GEN,Kerala,V K Sreekandan,Indian National Congress,1398143,1035836,0.741,75283,0.073
397,Palamau,13,SC,Jharkhand,Vishnu Dayal Ram,Bharatiya Janta Party,2243034,1390738,0.62,288807,0.208
398,Palghar,22,ST,Maharashtra,Dr. Hemant Vishnu Savara,Bharatiya Janta Party,2148514,1376074,0.641,183306,0.133
399,Pali,15,GEN,Rajasthan,P. P. Chaudhary,Bharatiya Janta Party,2343232,1353842,0.578,245351,0.181
400,Panchmahal,18,GEN,Gujarat,Rajpalsinh Mahendrasinh Jadav,Bharatiya Janta Party,1896743,1131497,0.597,509342,0.45
401,Parbhani,17,GEN,Maharashtra,Jadhav Sanjay ( BANDU ) HARIBHAU,Shiv Sena (Uddhav Balasaheb Thackrey),2123056,1331176,0.627,134061,0.101
402,Paschim Champaran,2,GEN,Bihar [2000 Onwards],Dr.Sanjay Jaiswal,Bharatiya Janta Party,1756078,1086256,0.619,136568,0.126
403,Pataliputra,31,GEN,Bihar [2000 Onwards],Misha Bharti,Rashtriya Janata Dal,2073685,1230099,0.593,85174,0.069
404,Patan,3,GEN,Gujarat,Dabhi Bharatsinhji Shankarji,Bharatiya Janta Party,2019916,1193125,0.591,31876,0.027
405,Pathanamthitta,17,GEN,Kerala,Anto Antony,Indian National Congress,1429700,919569,0.643,66119,0.072
406,Patiala,13,GEN,Punjab,Dr Dharamvira Gandhi,Indian National Congress,1806424,1151743,0.638,14831,0.013
407,Patna Sahib,30,GEN,Bihar [2000 Onwards],Ravi Shankar Prasad,Bharatiya Janta Party,2292045,1075496,0.469,153846,0.143
408,Peddapalle,2,SC,Telangana,Vamsi Krishna Gaddam,Indian National Congress,1596430,1095295,0.686,131364,0.12
409,Perambalur,25,GEN,Tamil Nadu,Arun Nehru,Dravida Munnetra Kazhagam,1446352,1129226,0.78,389107,0.345
410,Phulpur,51,GEN,Uttar Pradesh [2000 Onwards],Praveen Patel,Bharatiya Janta Party,2067043,1014824,0.491,4332,0.004
411,Pilibhit,26,GEN,Uttar Pradesh [2000 Onwards],Jitin Prasada,Bharatiya Janta Party,1831699,1160947,0.634,164935,0.142
412,Pollachi,21,GEN,Tamil Nadu,Eswarasamy K,Dravida Munnetra Kazhagam,1597467,1126045,0.704,252042,0.224
413,Ponnani,7,GEN,Kerala,Dr. M.P Abdussamad Samadani,Indian Union Muslim League,1470804,1026296,0.698,235760,0.23
414,Porbandar,11,GEN,Gujarat,Dr. Mansukh Mandaviya,Bharatiya Janta Party,1768212,928977,0.525,383360,0.413
415,Pratapgarh,39,GEN,Uttar Pradesh [2000 Onwards],Shiv Pal Singh Patel (DR. S P SINGH),Samajwadi Party,1833312,947288,0.517,66206,0.07
416,Puducherry,1,GEN,Pondicherry,Ve Vaithilingam,Indian National Congress,1023699,807940,0.789,136516,0.169
417,Pune,34,GEN,Maharashtra,Murlidhar Mohol,Bharatiya Janta Party,2061276,1104572,0.536,123038,0.111
418,Puri,17,GEN,Orissa,Sambit Patra,Bharatiya Janta Party,1586465,1196938,0.755,104709,0.087
419,Purnia,12,GEN,Bihar [2000 Onwards],Rajesh Ranjan Alias Pappu Yadav,Independent,1893698,1195844,0.632,23847,0.02
420,Purulia,35,GEN,West Bengal,Jyotirmay Singh Mahato,Bharatiya Janta Party,1823120,1434018,0.787,17079,0.012
421,Purvi Champaran,3,GEN,Bihar [2000 Onwards],Radha Mohan Singh,Bharatiya Janta Party,1790761,1073688,0.6,88287,0.082
422,Rae Bareli,36,GEN,Uttar Pradesh [2000 Onwards],Rahul Gandhi,Indian National Congress,1784314,1039219,0.582,390030,0.375
423,Raichur,6,ST,Karnataka,G. Kumar Naik.,Indian National Congress,2010103,1299619,0.647,79781,0.061
424,Raigad,32,GEN,Maharashtra,Tatkare Sunil Dattatrey,Nationalist Congress Party,1668372,1013272,0.607,82784,0.082
425,Raiganj,5,GEN,West Bengal,Kartick Chandra Paul,Bharatiya Janta Party,1790245,1368471,0.764,68197,0.05
426,Raigarh,2,ST,Chhattisgarh,Radheshyam Rathiya,Bharatiya Janta Party,1838547,1452965,0.79,240391,0.165
427,Raipur,8,GEN,Chhattisgarh,Brijmohan Agrawal,Bharatiya Janta Party,2375379,1586755,0.668,575285,0.363
428,Rajahmundry,8,,Andhra Pradesh [2014 Onwards],Daggubati Purandheshwari,Bharatiya Janta Party,1623149,1325297,0.817,239139,0.18
429,Rajampet,24,,Andhra Pradesh [2014 Onwards],P V Midhun Reddy,Yuvajana Sramika Rythu Congress Party,1665702,1332939,0.8,76071,0.057
430,Rajgarh,20,GEN,Madhya Pradesh [2000 Onwards],Rodmal Nagar,Bharatiya Janta Party,1875211,1428997,0.762,146089,0.102
431,Rajkot,10,GEN,Gujarat,Parshottambhai Rupala,Bharatiya Janta Party,2112273,1273542,0.603,484260,0.38
432,Rajmahal,1,ST,Jharkhand,Vijay Kumar Hansdak,Jharkhand Mukti Morcha,1704671,1218249,0.715,178264,0.146
433,Rajnandgaon,6,GEN,Chhattisgarh,Santosh Pandey,Bharatiya Janta Party,1868021,1445765,0.774,44411,0.031
434,Rajsamand,22,GEN,Rajasthan,Mahima Kumari Mewar,Bharatiya Janta Party,2060942,1213130,0.589,392223,0.323
435,Ramanathapuram,35,GEN,Tamil Nadu,Navaskani K,Indian Union Muslim League,1617688,1109853,0.686,166782,0.15
436,Rampur,7,GEN,Uttar Pradesh [2000 Onwards],Mohibbullah,Samajwadi Party,1731836,968079,0.559,87434,0.09
437,Ramtek,9,SC,Maharashtra,Shyamkumar (Babalu) Daulat Barve,Indian National Congress,2049085,1252512,0.611,76768,0.061
438,Ranaghat,13,SC,West Bengal,Jagannath Sarkar,Bharatiya Janta Party,1871658,1540632,0.82,186899,0.121
439,Ranchi,8,GEN,Jharkhand,Sanjay Seth,Bharatiya Janta Party,2197331,1447781,0.659,120512,0.083
440,Ratlam,24,ST,Madhya Pradesh [2000 Onwards],Anita Nagarsingh Chouhan,Bharatiya Janta Party,2094548,1532643,0.732,207232,0.135
441,Ratnagiri - Si,46,GEN,Maharashtra,Narayan Tatu Rane,Bharatiya Janta Party,1451630,914038,0.63,47858,0.052
442,Raver,4,GEN,Maharashtra,Khadse Raksha Nikhil,Bharatiya Janta Party,1821750,1171666,0.643,272183,0.232
443,Rewa,10,GEN,Madhya Pradesh [2000 Onwards],Janardan Mishra,Bharatiya Janta Party,1852126,918129,0.495,193374,0.211
444,Robertsganj,80,SC,Uttar Pradesh [2000 Onwards],Chhotelal,Samajwadi Party,1779189,1009545,0.567,129234,0.128
445,Rohtak,7,GEN,Haryana,Deepender Singh Hooda,Indian National Congress,1889844,1248446,0.66,345298,0.277
446,Sabarkantha,5,GEN,Gujarat,Shobhanaben Mahendrasinh Baraiya,Bharatiya Janta Party,1976349,1269358,0.642,155682,0.123
447,Sagar,5,GEN,Madhya Pradesh [2000 Onwards],Dr. Lata Wankhede,Bharatiya Janta Party,1745690,1150549,0.659,471222,0.41
448,Saharanpur,1,GEN,Uttar Pradesh [2000 Onwards],Imran Masood,Indian National Congress,1855310,1229455,0.663,64542,0.052
449,Salem,15,GEN,Tamil Nadu,Selvaganapathi T M,Dravida Munnetra Kazhagam,1658681,1304844,0.787,70357,0.054
450,Salempur,71,GEN,Uttar Pradesh [2000 Onwards],Ramashankar Rajbhar,Samajwadi Party,1776982,917362,0.516,3573,0.004
451,Samastipur,23,SC,Bihar [2000 Onwards],Shambhavi,Lok Janshakti Party(Ram Vilas),1818530,1094592,0.602,187251,0.171
452,Sambalpur,3,GEN,Orissa,Dharmendra Pradhan,Bharatiya Janta Party,1499728,1196747,0.798,119836,0.1
453,Sambhal,8,GEN,Uttar Pradesh [2000 Onwards],Zia Ur Rehman,Samajwadi Party,1898202,1194983,0.63,121494,0.102
454,Sangli,44,GEN,Maharashtra,Vishal (DADA) PRAKASHBAPU PATIL,Independent,1868174,1168744,0.626,100053,0.086
455,Sangrur,12,GEN,Punjab,Gurmeet Singh Meet Hayer,Aam Aadmi Party,1556601,1009665,0.649,172560,0.171
456,Sant Kabir Nagar,62,GEN,Uttar Pradesh [2000 Onwards],Laxmikant Pappu Nishad,Samajwadi Party,2071964,1091202,0.527,92170,0.084
457,Saran,20,GEN,Bihar [2000 Onwards],Rajiv Pratap Rudy,Bharatiya Janta Party,1795010,1021508,0.569,13661,0.013
458,Sarguja,1,ST,Chhattisgarh,Chintamani Maharaj,Bharatiya Janta Party,1819347,1455269,0.8,64822,0.045
459,Sasaram,34,SC,Bihar [2000 Onwards],Manoj Kumar,Indian National Congress,1910368,1097075,0.574,19157,0.017
460,Satara,45,GEN,Maharashtra,Shrimant Chh Udayanraje Pratapsinhamaharaj Bhonsle,Bharatiya Janta Party,1889740,1198004,0.634,32771,0.027
461,Satna,9,GEN,Madhya Pradesh [2000 Onwards],Ganesh Singh,Bharatiya Janta Party,1705260,1058972,0.621,84949,0.08
462,Secundrabad,8,GEN,Telangana,G. Kishan Reddy,Bharatiya Janta Party,2120401,1047659,0.494,49944,0.048
463,Shahdol,12,ST,Madhya Pradesh [2000 Onwards],Smt. Himadri Singh,Bharatiya Janta Party,1777185,1152013,0.648,397340,0.345
464,Shahjahanpur,27,SC,Uttar Pradesh [2000 Onwards],Arun Kumar Sagar,Bharatiya Janta Party,2331834,1247902,0.535,55379,0.044
465,Sheohar,4,GEN,Bihar [2000 Onwards],Lovely Anand,Janata Dal (United),1832745,1055602,0.576,29143,0.028
466,Shillong,1,ST,Meghalaya,Dr. Ricky Andrew J. Syngkon,Voice Of The People Party,1400411,1037911,0.741,371910,0.358
467,Shimla,4,SC,Himachal Pradesh,Suresh Kumar Kashyap,Bharatiya Janta Party,1346369,969965,0.72,91451,0.094
468,Shimoga,14,GEN,Karnataka,B.Y.Raghavendra,Bharatiya Janta Party,1752885,1377224,0.786,243715,0.177
469,Shirdi,38,SC,Maharashtra,Bhausaheb Rajaram Wakchaure,Shiv Sena (Uddhav Balasaheb Thackrey),1677335,1059864,0.632,50529,0.048
470,Shirur,36,GEN,Maharashtra,Dr. Amol Ramsing Kolhe,Nationalist Congress Party – Sharadchandra Pawar,2539702,1374464,0.541,140951,0.103
471,Shrawasti,58,GEN,Uttar Pradesh [2000 Onwards],Ram Shiromani Verma,Samajwadi Party,1980381,1046528,0.528,76673,0.073
472,Sidhi,11,GEN,Madhya Pradesh [2000 Onwards],Dr. Rajesh Mishra,Bharatiya Janta Party,2028451,1147264,0.566,206416,0.18
473,Sikar,5,GEN,Rajasthan,Amraram,Communist Party Of India (Marxist),2214900,1300856,0.587,72896,0.056
474,Sikkim,1,GEN,Sikkim,Indra Hang Subba,Sikkim Krantikari Morcha,464140,384893,0.829,80830,0.21
475,Silchar,8,GEN,Assam,Parimal Suklabaidya,Bharatiya Janta Party,1369578,1089426,0.795,264311,0.243
476,Singhbhum,10,ST,Jharkhand,Joba Majhi,Jharkhand Mukti Morcha,1447562,1007597,0.696,168402,0.167
477,Sirsa,3,SC,Haryana,Selja,Indian National Congress,1937689,1354632,0.699,268497,0.198
478,Sitamarhi,5,GEN,Bihar [2000 Onwards],Devesh Chandra Thakur,Janata Dal (United),1947996,1093992,0.562,51356,0.047
479,Sitapur,30,GEN,Uttar Pradesh [2000 Onwards],Rakesh Rathor,Indian National Congress,1759943,1102015,0.626,89641,0.081
480,Sivaganga,31,GEN,Tamil Nadu,Karti P Chidambaram,Indian National Congress,1633857,1053419,0.645,205664,0.195
481,Siwan,18,GEN,Bihar [2000 Onwards],Vijaylakshmi Devi,Janata Dal (United),1896512,998018,0.526,92857,0.093
482,Solapur,42,SC,Maharashtra,Praniti Sushilkumar Shinde,Indian National Congress,2030119,1204485,0.593,74197,0.062
483,Sonipat,6,GEN,Haryana,Satpal Brahamchari,Indian National Congress,1766624,1123944,0.636,21816,0.019
484,Sonitpur,11,GEN,Assam,Ranjit Dutta,Bharatiya Janta Party,1633800,1288468,0.789,361408,0.28
485,South Delhi,7,GEN,Delhi [1977 Onwards],Ramvir Singh Bidhuri,Bharatiya Janta Party,2291764,1295998,0.566,124333,0.096
486,South Goa,2,GEN,Goa,Captain Viriato Fernandes,Indian National Congress,598767,450520,0.752,13535,0.03
487,Srerampur,27,GEN,West Bengal,Kalyan Banerjee,All India Trinamool Congress,1926645,1476532,0.766,174830,0.118
488,Srikakulam,2,,Andhra Pradesh [2014 Onwards],Kinjarapu Rammohan Naidu,Telugu Desam,1631174,1235686,0.758,327901,0.265
489,Srinagar,2,,Jammu & Kashmir,Aga Syed Ruhullah Mehdi,Jammu & Kashmir National Conference,1747810,675242,0.386,188416,0.279
490,Sriperumbudur,5,GEN,Tamil Nadu,T R Baalu,Dravida Munnetra Kazhagam,2382119,1440935,0.605,487029,0.338
491,Sultanpur,38,GEN,Uttar Pradesh [2000 Onwards],Rambhual Nishad,Samajwadi Party,1852590,1033387,0.558,43174,0.042
492,Sundargarh,2,ST,Orissa,Jual Oram,Bharatiya Janta Party,1576105,1155777,0.733,138808,0.12
493,Supaul,8,GEN,Bihar [2000 Onwards],Dileshwar Kamait,Janata Dal (United),1927207,1231114,0.639,169803,0.138
494,Surat,24,GEN,Gujarat,Mukeshkumar Chandrakaant Dalal ( Uncontested ),Bharatiya Janta Party,1606425,RU,NA,NA,NA
495,Surendranagar,9,GEN,Gujarat,Chandubhai Chhaganbhai Shihora,Bharatiya Janta Party,2033419,1131377,0.556,261617,0.231
496,Tamluk,30,GEN,West Bengal,Abhijit Gangopadhyay,Bharatiya Janta Party,1850741,1577319,0.852,77733,0.049
497,Tehri Garhwal,1,GEN,Uttarakhand,Mala Rajya Lakshmi Shah,Bharatiya Janta Party,1577664,862041,0.546,272493,0.316
498,Tenkasi,37,SC,Tamil Nadu,Dr Rani Sri Kumar,Dravida Munnetra Kazhagam,1525439,1039119,0.681,196199,0.189
499,Thane,25,GEN,Maharashtra,Naresh Ganpat Mhaske,Shiv Sena,2507372,1309068,0.522,217011,0.166
500,Thanjavur,30,GEN,Tamil Nadu,Murasoli S,Dravida Munnetra Kazhagam,1501226,1028706,0.685,319583,0.311
501,Theni,33,GEN,Tamil Nadu,Thanga Tamilselvan,Dravida Munnetra Kazhagam,1622949,1141219,0.703,278825,0.244
502,Thiruvallur,1,SC,Tamil Nadu,Sasikanth Senthil,Indian National Congress,2085991,1417812,0.68,572155,0.404
503,Thiruvananthapuram,20,GEN,Kerala,Shashi Tharoor,Indian National Congress,1430531,962983,0.673,16077,0.017
504,Thoothukkudi,36,GEN,Tamil Nadu,Kanimozhi Karunanidhi,Dravida Munnetra Kazhagam,1458430,978526,0.671,392738,0.401
505,Thrissur,10,GEN,Kerala,Suresh Gopi,Bharatiya Janta Party,1483055,1090876,0.736,74686,0.068
506,Tikamgarh,6,SC,Madhya Pradesh [2000 Onwards],Dr. Virendra Kumar,Bharatiya Janta Party,1826585,1098390,0.601,403312,0.367
507,Tiruchirappall,24,GEN,Tamil Nadu,Durai Vaiko,Marumalarchi Dravida Munnetra Kazhagam,1553985,1055964,0.68,313094,0.297
508,Tirunelveli,38,GEN,Tamil Nadu,Robert Bruce C,Indian National Congress,1654503,1067448,0.645,165620,0.155
509,Tirupati,23,SC,Andhra Pradesh [2014 Onwards],Gurumoorthy Maddila,Yuvajana Sramika Rythu Congress Party,1729832,1382570,0.799,14569,0.011
510,Tiruppur,18,GEN,Tamil Nadu,"Subbarayan, K.",Communist Party Of India,1608521,1142549,0.71,125928,0.11
511,Tiruvannamalai,11,GEN,Tamil Nadu,"Annadurai, C.N.",Dravida Munnetra Kazhagam,1533099,1146273,0.747,233931,0.204
512,Tonk-Sawai Mad,12,GEN,Rajasthan,Harish Chandra Meena,Indian National Congress,2148128,1226584,0.571,64949,0.053
513,Tripura East,2,ST,Tripura,Kriti Devi Debbarman,Bharatiya Janta Party,1396761,1134345,0.812,486819,0.429
514,Tripura West,1,GEN,Tripura,Biplab Kumar Deb,Bharatiya Janta Party,1463526,1209809,0.827,611578,0.506
515,Tumkur,19,GEN,Karnataka,V. Somanna,Bharatiya Janta Party,1661309,1303451,0.785,175594,0.135
516,Tura,2,ST,Meghalaya,Saleng A Sangma,Indian National Congress,826156,674056,0.816,155241,0.23
517,Udaipur,19,ST,Rajasthan,Manna Lal Rawat,Bharatiya Janta Party,2230971,1498376,0.672,261608,0.175
518,Udhampur,4,,Jammu & Kashmir,Dr Jitendra Singh,Bharatiya Janta Party,1623195,1113727,0.686,124373,0.112
519,Udupi Chikmaga,15,GEN,Karnataka,Kota Srinivas Poojary,Bharatiya Janta Party,1585162,1229418,0.776,259175,0.211
520,Ujiarpur,22,GEN,Bihar [2000 Onwards],Nityanand Rai,Bharatiya Janta Party,1745408,1042068,0.597,60102,0.058
521,Ujjain,22,SC,Madhya Pradesh [2000 Onwards],Anil Firojiya,Bharatiya Janta Party,1798704,1328580,0.737,375860,0.283
522,Uluberia,26,GEN,West Bengal,Sajda Ahmed,All India Trinamool Congress,1741438,1390794,0.799,218673,0.157
523,Unnao,33,GEN,Uttar Pradesh [2000 Onwards],Swami Sachchidanand Hari Sakshi,Bharatiya Janta Party,2341740,1302271,0.556,35818,0.028
524,Uttara Kannada,12,GEN,Karnataka,Vishweshwar Hegde Kageri,Bharatiya Janta Party,1641156,1262761,0.769,337428,0.267
525,Vadakara,3,GEN,Kerala,Shafi Parambil,Indian National Congress,1421883,1122947,0.79,114506,0.102
526,Vadodara,20,GEN,Gujarat,Dr. Hemang Joshi,Bharatiya Janta Party,1949573,1212149,0.622,582126,0.48
527,Vaishali,16,GEN,Bihar [2000 Onwards],Veena Devi,Lok Janshakti Party(Ram Vilas),1869178,1172060,0.627,89634,0.076
528,Valmiki Nagar,1,GEN,Bihar [2000 Onwards],Sunil Kumar,Janata Dal (United),1827281,1101830,0.603,98675,0.09
529,Valsad,26,ST,Gujarat,Dhaval Laxmanbhai Patel,Bharatiya Janta Party,1859974,1361411,0.732,210704,0.155
530,Varanasi,77,GEN,Uttar Pradesh [2000 Onwards],Narendra Modi,Bharatiya Janta Party,1997578,1130143,0.566,152513,0.135
531,Vellore,8,GEN,Tamil Nadu,Dm Kathir Anand,Dravida Munnetra Kazhagam,1528273,1129458,0.739,215702,0.191
532,Vidisha,18,GEN,Madhya Pradesh [2000 Onwards],Shivraj Singh Chouhan,Bharatiya Janta Party,1945404,1455658,0.748,821408,0.564
533,Vijayawada,12,,Andhra Pradesh [2014 Onwards],Kesineni Sivanath (CHINNI),Telugu Desam,1704077,1364405,0.801,282085,0.207
534,Viluppuram,13,SC,Tamil Nadu,Ravikumar. D,Viduthalai Chiruthaigal Katchi,1503115,1152667,0.767,70703,0.061
535,Virudhunagar,34,GEN,Tamil Nadu,Manickam Tagore B,Indian National Congress,1501942,1061901,0.707,4379,0.004
536,Visakhapatnam,4,,Andhra Pradesh [2014 Onwards],Sribharat Mathukumili,Telugu Desam,1927303,1387125,0.72,504247,0.364
537,Vizianagaram,3,,Andhra Pradesh [2014 Onwards],Appalanaidu Kalisetti,Telugu Desam,1585206,1299242,0.82,249351,0.192
538,Warangal,15,SC,Telangana,Kadiyam Kavya,Indian National Congress,1824466,1267946,0.695,220339,0.174
539,Wardha,8,GEN,Maharashtra,Amar Sharadrao Kale,Nationalist Congress Party – Sharadchandra Pawar,1682771,1095012,0.651,81648,0.075
540,Wayanad,4,GEN,Kerala,Rahul Gandhi,Indian National Congress,1462423,1084653,0.742,364422,0.336
541,West Delhi,6,GEN,Delhi [1977 Onwards],Kamaljeet Sehrawat,Bharatiya Janta Party,2587977,1524494,0.589,199013,0.131
542,Yavatmal-Washi,14,GEN,Maharashtra,Sanjay Uttamrao Deshmukh,Shiv Sena (Uddhav Balasaheb Thackrey),1940916,1225530,0.631,94473,0.077
543,Zahirabad,5,GEN,Telangana,Suresh Kumar Shetkar,Indian National Congress,1641410,1236593,0.753,46188,0.037
